{
  "_format": "hh-sol-cache-2",
  "files": {
    "C:\\Users\\Test\\Documents\\MILLENNIUM\\CODE\\PROJECTS\\TRADING BOT\\trading_bot_v3-master\\node_modules\\@balancer-labs\\v2-interfaces\\contracts\\vault\\IVault.sol": {
      "lastModificationDate": 1768619161518,
      "contentHash": "46a20a7701464ab9c62cb907614fd3bb",
      "sourceName": "@balancer-labs/v2-interfaces/contracts/vault/IVault.sol",
      "solcConfig": {
        "version": "0.8.18",
        "settings": {
          "optimizer": {
            "enabled": false,
            "runs": 200
          },
          "outputSelection": {
            "*": {
              "*": [
                "abi",
                "evm.bytecode",
                "evm.deployedBytecode",
                "evm.methodIdentifiers",
                "metadata"
              ],
              "": [
                "ast"
              ]
            }
          }
        }
      },
      "imports": [
        "../solidity-utils/openzeppelin/IERC20.sol",
        "../solidity-utils/helpers/IAuthentication.sol",
        "../solidity-utils/helpers/ISignaturesValidator.sol",
        "../solidity-utils/helpers/ITemporarilyPausable.sol",
        "../solidity-utils/misc/IWETH.sol",
        "./IAsset.sol",
        "./IAuthorizer.sol",
        "./IFlashLoanRecipient.sol",
        "./IProtocolFeesCollector.sol"
      ],
      "versionPragmas": [
        ">=0.7.0 <0.9.0"
      ],
      "artifacts": [
        "IVault"
      ]
    },
    "C:\\Users\\Test\\Documents\\MILLENNIUM\\CODE\\PROJECTS\\TRADING BOT\\trading_bot_v3-master\\node_modules\\@balancer-labs\\v2-interfaces\\contracts\\vault\\IFlashLoanRecipient.sol": {
      "lastModificationDate": 1768619161021,
      "contentHash": "31e2c769fc0ac25db2d9b46225793f01",
      "sourceName": "@balancer-labs/v2-interfaces/contracts/vault/IFlashLoanRecipient.sol",
      "solcConfig": {
        "version": "0.8.18",
        "settings": {
          "optimizer": {
            "enabled": false,
            "runs": 200
          },
          "outputSelection": {
            "*": {
              "*": [
                "abi",
                "evm.bytecode",
                "evm.deployedBytecode",
                "evm.methodIdentifiers",
                "metadata"
              ],
              "": [
                "ast"
              ]
            }
          }
        }
      },
      "imports": [
        "../solidity-utils/openzeppelin/IERC20.sol"
      ],
      "versionPragmas": [
        ">=0.7.0 <0.9.0"
      ],
      "artifacts": [
        "IFlashLoanRecipient"
      ]
    },
    "C:\\Users\\Test\\Documents\\MILLENNIUM\\CODE\\PROJECTS\\TRADING BOT\\trading_bot_v3-master\\node_modules\\@uniswap\\v3-periphery\\contracts\\interfaces\\ISwapRouter.sol": {
      "lastModificationDate": 1768619160105,
      "contentHash": "ffd42687b3db01d30c24213d961fcf9f",
      "sourceName": "@uniswap/v3-periphery/contracts/interfaces/ISwapRouter.sol",
      "solcConfig": {
        "version": "0.8.18",
        "settings": {
          "optimizer": {
            "enabled": false,
            "runs": 200
          },
          "outputSelection": {
            "*": {
              "*": [
                "abi",
                "evm.bytecode",
                "evm.deployedBytecode",
                "evm.methodIdentifiers",
                "metadata"
              ],
              "": [
                "ast"
              ]
            }
          }
        }
      },
      "imports": [
        "@uniswap/v3-core/contracts/interfaces/callback/IUniswapV3SwapCallback.sol"
      ],
      "versionPragmas": [
        ">=0.7.5"
      ],
      "artifacts": [
        "ISwapRouter"
      ]
    },
    "C:\\Users\\Test\\Documents\\MILLENNIUM\\CODE\\PROJECTS\\TRADING BOT\\trading_bot_v3-master\\node_modules\\@balancer-labs\\v2-interfaces\\contracts\\solidity-utils\\openzeppelin\\IERC20.sol": {
      "lastModificationDate": 1768619157643,
      "contentHash": "028dddcf9b178b241401b1ae8126c903",
      "sourceName": "@balancer-labs/v2-interfaces/contracts/solidity-utils/openzeppelin/IERC20.sol",
      "solcConfig": {
        "version": "0.8.18",
        "settings": {
          "optimizer": {
            "enabled": false,
            "runs": 200
          },
          "outputSelection": {
            "*": {
              "*": [
                "abi",
                "evm.bytecode",
                "evm.deployedBytecode",
                "evm.methodIdentifiers",
                "metadata"
              ],
              "": [
                "ast"
              ]
            }
          }
        }
      },
      "imports": [],
      "versionPragmas": [
        ">=0.7.0 <0.9.0"
      ],
      "artifacts": [
        "IERC20"
      ]
    },
    "C:\\Users\\Test\\Documents\\MILLENNIUM\\CODE\\PROJECTS\\TRADING BOT\\trading_bot_v3-master\\node_modules\\@balancer-labs\\v2-interfaces\\contracts\\solidity-utils\\helpers\\IAuthentication.sol": {
      "lastModificationDate": 1768619156368,
      "contentHash": "63f8c7b7a4ac329c8104063a025a991b",
      "sourceName": "@balancer-labs/v2-interfaces/contracts/solidity-utils/helpers/IAuthentication.sol",
      "solcConfig": {
        "version": "0.8.18",
        "settings": {
          "optimizer": {
            "enabled": false,
            "runs": 200
          },
          "outputSelection": {
            "*": {
              "*": [
                "abi",
                "evm.bytecode",
                "evm.deployedBytecode",
                "evm.methodIdentifiers",
                "metadata"
              ],
              "": [
                "ast"
              ]
            }
          }
        }
      },
      "imports": [],
      "versionPragmas": [
        ">=0.7.0 <0.9.0"
      ],
      "artifacts": [
        "IAuthentication"
      ]
    },
    "C:\\Users\\Test\\Documents\\MILLENNIUM\\CODE\\PROJECTS\\TRADING BOT\\trading_bot_v3-master\\node_modules\\@balancer-labs\\v2-interfaces\\contracts\\solidity-utils\\helpers\\ITemporarilyPausable.sol": {
      "lastModificationDate": 1768619157019,
      "contentHash": "5a94e6420fe95c3e0fa16e78fb8f74c3",
      "sourceName": "@balancer-labs/v2-interfaces/contracts/solidity-utils/helpers/ITemporarilyPausable.sol",
      "solcConfig": {
        "version": "0.8.18",
        "settings": {
          "optimizer": {
            "enabled": false,
            "runs": 200
          },
          "outputSelection": {
            "*": {
              "*": [
                "abi",
                "evm.bytecode",
                "evm.deployedBytecode",
                "evm.methodIdentifiers",
                "metadata"
              ],
              "": [
                "ast"
              ]
            }
          }
        }
      },
      "imports": [],
      "versionPragmas": [
        ">=0.7.0 <0.9.0"
      ],
      "artifacts": [
        "ITemporarilyPausable"
      ]
    },
    "C:\\Users\\Test\\Documents\\MILLENNIUM\\CODE\\PROJECTS\\TRADING BOT\\trading_bot_v3-master\\node_modules\\@balancer-labs\\v2-interfaces\\contracts\\solidity-utils\\misc\\IWETH.sol": {
      "lastModificationDate": 1768619157323,
      "contentHash": "8347e7eef0bb47de8851ecbcf8eb590c",
      "sourceName": "@balancer-labs/v2-interfaces/contracts/solidity-utils/misc/IWETH.sol",
      "solcConfig": {
        "version": "0.8.18",
        "settings": {
          "optimizer": {
            "enabled": false,
            "runs": 200
          },
          "outputSelection": {
            "*": {
              "*": [
                "abi",
                "evm.bytecode",
                "evm.deployedBytecode",
                "evm.methodIdentifiers",
                "metadata"
              ],
              "": [
                "ast"
              ]
            }
          }
        }
      },
      "imports": [
        "../openzeppelin/IERC20.sol"
      ],
      "versionPragmas": [
        ">=0.7.0 <0.9.0"
      ],
      "artifacts": [
        "IWETH"
      ]
    },
    "C:\\Users\\Test\\Documents\\MILLENNIUM\\CODE\\PROJECTS\\TRADING BOT\\trading_bot_v3-master\\node_modules\\@balancer-labs\\v2-interfaces\\contracts\\solidity-utils\\helpers\\ISignaturesValidator.sol": {
      "lastModificationDate": 1768619156839,
      "contentHash": "48de5f36515898c9e9ddcd00f651ef86",
      "sourceName": "@balancer-labs/v2-interfaces/contracts/solidity-utils/helpers/ISignaturesValidator.sol",
      "solcConfig": {
        "version": "0.8.18",
        "settings": {
          "optimizer": {
            "enabled": false,
            "runs": 200
          },
          "outputSelection": {
            "*": {
              "*": [
                "abi",
                "evm.bytecode",
                "evm.deployedBytecode",
                "evm.methodIdentifiers",
                "metadata"
              ],
              "": [
                "ast"
              ]
            }
          }
        }
      },
      "imports": [],
      "versionPragmas": [
        ">=0.7.0 <0.9.0"
      ],
      "artifacts": [
        "ISignaturesValidator"
      ]
    },
    "C:\\Users\\Test\\Documents\\MILLENNIUM\\CODE\\PROJECTS\\TRADING BOT\\trading_bot_v3-master\\node_modules\\@balancer-labs\\v2-interfaces\\contracts\\vault\\IAsset.sol": {
      "lastModificationDate": 1768619160287,
      "contentHash": "20c61578e7416055512409a25576fb1a",
      "sourceName": "@balancer-labs/v2-interfaces/contracts/vault/IAsset.sol",
      "solcConfig": {
        "version": "0.8.18",
        "settings": {
          "optimizer": {
            "enabled": false,
            "runs": 200
          },
          "outputSelection": {
            "*": {
              "*": [
                "abi",
                "evm.bytecode",
                "evm.deployedBytecode",
                "evm.methodIdentifiers",
                "metadata"
              ],
              "": [
                "ast"
              ]
            }
          }
        }
      },
      "imports": [],
      "versionPragmas": [
        ">=0.7.0 <0.9.0"
      ],
      "artifacts": [
        "IAsset"
      ]
    },
    "C:\\Users\\Test\\Documents\\MILLENNIUM\\CODE\\PROJECTS\\TRADING BOT\\trading_bot_v3-master\\node_modules\\@balancer-labs\\v2-interfaces\\contracts\\vault\\IAuthorizer.sol": {
      "lastModificationDate": 1768619160580,
      "contentHash": "03599610995051c98edd4f72102136b2",
      "sourceName": "@balancer-labs/v2-interfaces/contracts/vault/IAuthorizer.sol",
      "solcConfig": {
        "version": "0.8.18",
        "settings": {
          "optimizer": {
            "enabled": false,
            "runs": 200
          },
          "outputSelection": {
            "*": {
              "*": [
                "abi",
                "evm.bytecode",
                "evm.deployedBytecode",
                "evm.methodIdentifiers",
                "metadata"
              ],
              "": [
                "ast"
              ]
            }
          }
        }
      },
      "imports": [],
      "versionPragmas": [
        ">=0.7.0 <0.9.0"
      ],
      "artifacts": [
        "IAuthorizer"
      ]
    },
    "C:\\Users\\Test\\Documents\\MILLENNIUM\\CODE\\PROJECTS\\TRADING BOT\\trading_bot_v3-master\\node_modules\\@balancer-labs\\v2-interfaces\\contracts\\vault\\IProtocolFeesCollector.sol": {
      "lastModificationDate": 1768619161430,
      "contentHash": "26a23f2667431cfc1ea8aa5e69edef63",
      "sourceName": "@balancer-labs/v2-interfaces/contracts/vault/IProtocolFeesCollector.sol",
      "solcConfig": {
        "version": "0.8.18",
        "settings": {
          "optimizer": {
            "enabled": false,
            "runs": 200
          },
          "outputSelection": {
            "*": {
              "*": [
                "abi",
                "evm.bytecode",
                "evm.deployedBytecode",
                "evm.methodIdentifiers",
                "metadata"
              ],
              "": [
                "ast"
              ]
            }
          }
        }
      },
      "imports": [
        "../solidity-utils/openzeppelin/IERC20.sol",
        "./IVault.sol",
        "./IAuthorizer.sol"
      ],
      "versionPragmas": [
        ">=0.7.0 <0.9.0"
      ],
      "artifacts": [
        "IProtocolFeesCollector"
      ]
    },
    "C:\\Users\\Test\\Documents\\MILLENNIUM\\CODE\\PROJECTS\\TRADING BOT\\trading_bot_v3-master\\node_modules\\@uniswap\\v3-core\\contracts\\interfaces\\callback\\IUniswapV3SwapCallback.sol": {
      "lastModificationDate": 1768619155947,
      "contentHash": "a8ba2d37b0107911ae0e3b0e123cbd83",
      "sourceName": "@uniswap/v3-core/contracts/interfaces/callback/IUniswapV3SwapCallback.sol",
      "solcConfig": {
        "version": "0.8.18",
        "settings": {
          "optimizer": {
            "enabled": false,
            "runs": 200
          },
          "outputSelection": {
            "*": {
              "*": [
                "abi",
                "evm.bytecode",
                "evm.deployedBytecode",
                "evm.methodIdentifiers",
                "metadata"
              ],
              "": [
                "ast"
              ]
            }
          }
        }
      },
      "imports": [],
      "versionPragmas": [
        ">=0.5.0"
      ],
      "artifacts": [
        "IUniswapV3SwapCallback"
      ]
    },
    "C:\\Users\\Test\\Documents\\MILLENNIUM\\CODE\\PROJECTS\\TRADING BOT\\trading_bot_v3-master\\contracts\\AutoArb.sol": {
      "lastModificationDate": 1769036737313,
      "contentHash": "a7e833f5dc18d6e177c7c48e2fa96b35",
      "sourceName": "contracts/AutoArb.sol",
      "solcConfig": {
        "version": "0.8.18",
        "settings": {
          "optimizer": {
            "enabled": false,
            "runs": 200
          },
          "outputSelection": {
            "*": {
              "*": [
                "abi",
                "evm.bytecode",
                "evm.deployedBytecode",
                "evm.methodIdentifiers",
                "metadata"
              ],
              "": [
                "ast"
              ]
            }
          }
        }
      },
      "imports": [
        "@balancer-labs/v2-interfaces/contracts/vault/IVault.sol",
        "@balancer-labs/v2-interfaces/contracts/vault/IFlashLoanRecipient.sol",
        "@uniswap/v3-periphery/contracts/interfaces/ISwapRouter.sol"
      ],
      "versionPragmas": [
        "0.8.18"
      ],
      "artifacts": [
        "AutoArb",
        "IAlgebraRouter"
      ]
    }
  }
}
